<?xml version="1.0" encoding="UTF-8"?>
<project-private xmlns="http://www.netbeans.org/ns/project-private/1">
    <data xmlns="http://www.netbeans.org/ns/make-project-private/1">
        <activeConfTypeElem>1</activeConfTypeElem>
        <activeConfIndexElem>0</activeConfIndexElem>
    </data>
    <editor-bookmarks xmlns="http://www.netbeans.org/ns/editor-bookmarks/2" lastBookmarkId="0"/>
    <open-files xmlns="http://www.netbeans.org/ns/projectui-open-files/2">
        <group>
            <file>file:/C:/Users/rcc/Documents/NetBeansProjects/Vo,%20Kevin%20-%20Lab%204%20Hashing%20-%2042833/GeneralHashFunctions.h</file>
            <file>file:/C:/Users/rcc/Documents/NetBeansProjects/Vo,%20Kevin%20-%20Lab%204%20Hashing%20-%2042833/HashTest.cpp</file>
            <file>file:/C:/Users/rcc/Documents/NetBeansProjects/Vo,%20Kevin%20-%20Lab%204%20Hashing%20-%2042833/GeneralHashFunctions.cpp</file>
        </group>
    </open-files>
</project-private>
