<?xml version="1.0" encoding="UTF-8"?>
<project-private xmlns="http://www.netbeans.org/ns/project-private/1">
    <editor-bookmarks xmlns="http://www.netbeans.org/ns/editor-bookmarks/2" lastBookmarkId="0"/>
    <open-files xmlns="http://www.netbeans.org/ns/projectui-open-files/2">
        <group>
            <file>file:/C:/xampp7p18/htdocs/Battleship/BattleshipV1/Model.js</file>
            <file>file:/C:/xampp7p18/htdocs/Battleship/BattleshipV1/Controller.js</file>
            <file>file:/C:/xampp7p18/htdocs/Battleship/BattleshipV1/board.jpg</file>
            <file>file:/C:/xampp7p18/htdocs/Battleship/BattleshipV1/ship.png</file>
            <file>file:/C:/xampp7p18/htdocs/Battleship/BattleshipV1/View.js</file>
            <file>file:/C:/xampp7p18/htdocs/Battleship/BattleshipV1/BoardSheet.css</file>
            <file>file:/C:/xampp7p18/htdocs/Battleship/BattleshipV1/battleship.html</file>
            <file>file:/C:/xampp7p18/htdocs/Battleship/BattleshipV1/miss.png</file>
            <file>file:/C:/xampp7p18/htdocs/Battleship/BattleshipV1/HandlersInit.js</file>
        </group>
    </open-files>
</project-private>
